0.23565,
0.33817,
0.48787,
0.65664,
0.48909,
0.43991,
0.36845,
0.23103,
0.1091,
0,
0,
0,
0,
0,
0,
0,
0,
0,
0,
0,
0,
0,
0,
0.18097,
0.29239,
0.39701,
0.50573,
0.60416,
0.63139,
0.59358,
0.5194,
0.30729,
0.12821,
0,
0,
0,
0,
0,
0,
0,
0,
0,
0,
0,
0,
0,
0,
0.08797,
0.27094,
0.47277,
0.70715,
0.67419,
0.59057,
0.66742,
0.52161,
0.24385,
0.12997,
0,
0,
0,
0,
0,
0,
0,
0,
0,
0,
0,
0,
0,
0,
0.20707,
0.29265,
0.45221,
0.37407,
0.14968,
0.3816,
0.54287,
0.32537,
0.29768,
0.1326,
0,
0,
0,
0,
0,
0,
0,
0,
0,
0,
0,
0,
0,
0,
0.13392,
0.39702,
0.49867,
0.48231,
0.62671,
0.6898,
0.52136,
0.39125,
0.29917,
0.14161,
0,
0,
0,
0,
0,
0,
0,
0,
0,
0,
0,
0,
0,
0,
0.19892,
0.40398,
0.57547,
0.65433,
0.77227,
0.70488,
0.53766,
0.50347,
0.32811,
0.14664,
0,
0,
0,
0,
0,
0,
0,
0,
0,
0,
0,
0,
0,
0,
0.12161,
0.33125,
0.34213,
0.3212,
0.63537,
0.53439,
0.42629,
0.28854,
0.16558,
0.09977,
0,
0,
0,
0,
0,
0,
0,
0,
0,
0,
0,
0,
0,
0,
0.14683,
0.33582,
0.41654,
0.56069,
0.62602,
0.64641,
0.51883,
0.26894,
0.27842,
0.13559,
0,
0,
0,
0,
0,
0,
0,
0,
0,
0,
0,
0,
0,
0,
0.17742,
0.41226,
0.5491,
0.5717,
0.53996,
0.21945,
0.44917,
0.36177,
0.24499,
0.12027,
0,
0,
0,
0,
0,
0,
0,
0,
0,
0,
0,
0,
0,
0,
0.07807,
0.23635,
0.28227,
0.35622,
0.43077,
0.26958,
0.4551,
0.2551,
0.23421,
0.14075,
0,
0,
0,
0,
0,
0,
0,
0,
0,
0,
0,
0,
0,
0,
0.19933,
0.35372,
0.34376,
0.52284,
0.42688,
0.41768,
0.4478,
0.2028,
0.27854,
0.15882,
0,
0,
0,
0,
0,
0,
0,
0,
0,
0,
0,
0,
0,
0,
0.11626,
0.26028,
0.35215,
0.61356,
0.68384,
0.60717,
0.57492,
0.4166,
0.29133,
0.11532,
0,
0,
0,
0,
0,
0,
0,
0,
0,
0,
0,
0,
0,
0,
0.17716,
0.36182,
0.4023,
0.43053,
0.55608,
0.38099,
0.31435,
0.17304,
0.06719,
0.05023,
0.00482,
0,
0,
0,
0,
0,
0,
0,
0,
0,
0,
0,
0,
0,
0.15913,
0.3363,
0.32275,
0.22124,
0.18523,
0.30485,
0.4412,
0.31036,
0.0999,
0.09826,
0.02392,
0,
0,
0,
0,
0,
0,
0,
0,
0,
0,
0,
0,
0,
0.15442,
0.37242,
0.38698,
0.51374,
0.49078,
0.64369,
0.43662,
0.45651,
0.32128,
0.16348,
0.02693,
0,
0,
0,
0,
0,
0,
0,
0,
0,
0,
0,
0,
0,
0.1791,
0.35174,
0.53478,
0.33453,
0.55516,
0.18798,
0.18771,
0.32824,
0.1939,
0.07489,
0.01564,
0,
0,
0,
0,
0,
0,
0,
0,
0,
0,
0,
0,
0,
0.1092,
0.31168,
0.36787,
0.30556,
0.47681,
0.46152,
0.31301,
0.2228,
0.20126,
0.06686,
0.02096,
0,
0,
0,
0,
0,
0,
0,
0,
0,
0,
0,
0,
0,
0.14886,
0.21881,
0.42556,
0.58048,
0.42543,
0.57721,
0.49133,
0.37015,
0.22142,
0.07639,
0.02021,
0,
0,
0,
0,
0,
0,
0,
0,
0,
0,
0,
0,
0,
0.1869,
0.31959,
0.4477,
0.20297,
0.2302,
0.19531,
0.28662,
0.20372,
0.08349,
0.04445,
0.01681,
0,
0,
0,
0,
0,
0,
0,
0,
0,
0,
0,
0,
0,
0.16298,
0.35519,
0.35772,
0.29159,
0.41073,
0.30982,
0.42455,
0.27904,
0.27879,
0.13521,
0.02586,
0,
0,
0,
0,
0,
0,
0,
0,
0,
0,
0,
0,
0,
0.12292,
0.2762,
0.26921,
0.17994,
0.45466,
0.29066,
0.3644,
0.08608,
0.16914,
0.1842,
0.03112,
0,
0,
0,
0,
0,
0,
0,
0,
0,
0,
0,
0,
0,
0.19125,
0.42396,
0.56373,
0.6207,
0.60419,
0.52849,
0.57484,
0.56409,
0.41393,
0.1892,
0.03256,
0,
0,
0,
0,
0,
0,
0,
0,
0,
0,
0,
0,
0,
0.19426,
0.36409,
0.35344,
0.24759,
0.18083,
0.48532,
0.40415,
0.45426,
0.30417,
0.13688,
0.02789,
0,
0,
0,
0,
0,
0,
0,
0,
0,
0,
0,
0,
0,
0.1319,
0.15977,
0.0435,
0.03893,
0.1489,
0.02774,
0.25658,
0,
0,
0.00861,
0.0105,
0,
0,
0,
0,
0,
0,
0,
0,
0,
0,
0,
0,
0,
0.07656,
0.1277,
0.27458,
0.33732,
0.24449,
0.25106,
0.03724,
0.17437,
0.12602,
0.02428,
0.01778,
0,
0,
0,
0,
0,
0,
0,
0,
0,
0,
0,
0,
0,
0.12291,
0.22507,
0.25019,
0.35227,
0.7003,
0.72248,
0.63824,
0.38006,
0.34663,
0.14191,
0.02742,
0,
0,
0,
0,
0,
0,
0,
0,
0,
0,
0,
0,
0,
0.14355,
0.30462,
0.57543,
0.71212,
0.76565,
0.66079,
0.63778,
0.58705,
0.35829,
0.17902,
0.03418,
0,
0,
0,
0,
0,
0,
0,
0,
0,
0,
0,
0,
0,
0.1556,
0.29482,
0.42784,
0.65609,
0.61373,
0.75277,
0.75382,
0.54854,
0.33117,
0.19993,
0.0343,
0,
0,
0,
0,
0,
0,
0,
0,
0,
0,
0,
0,
0,
0.13789,
0.37894,
0.44769,
0.73496,
0.70268,
0.80606,
0.72463,
0.55643,
0.37926,
0.16623,
0.03424,
0,
0,
0,
0,
0,
0,
0,
0,
0,
0,
0,
0,
0,
0.16342,
0.30147,
0.40891,
0.64548,
0.65926,
0.78374,
0.72481,
0.52103,
0.35291,
0.18239,
0.03231,
0,
0,
0,
0,
0,
0,
0,
0,
0,
0,
0,
0,
0,
0.16178,
0.33009,
0.51941,
0.67623,
0.53539,
0.72245,
0.58965,
0.3186,
0.31766,
0.14262,
0.02717,
0,
0,
0,
0,
0,
0,
0,
0,
0,
0,
0,
0,
0,
0.1493,
0.35576,
0.41299,
0.46363,
0.28547,
0.29148,
0.45068,
0.29173,
0.2421,
0.11767,
0.02209,
0,
0,
0,
0,
0,
0,
0,
0,
0,
0,
0,
0,
0,
0.11699,
0.30213,
0.47588,
0.42283,
0.60283,
0.34852,
0.45482,
0.31824,
0.1285,
0.07041,
0.02402,
0,
0,
0,
0,
0,
0,
0,
0,
0,
0,
0,
0,
0,
0.17915,
0.21627,
0.47035,
0.55251,
0.55595,
0.38043,
0.5352,
0.28627,
0.27154,
0.13164,
0.03371,
0,
0,
0,
0,
0,
0,
0,
0,
0,
0,
0,
0,
0,
0.16171,
0.33238,
0.58939,
0.59099,
0.47228,
0.75151,
0.36939,
0.19299,
0.21743,
0.17521,
0.03539,
0,
0,
0,
0,
0,
0,
0,
0,
0,
0,
0,
0,
0,
0.19892,
0.3925,
0.5154,
0.52426,
0.49645,
0.2732,
0.25769,
0.26602,
0.29578,
0.15053,
0.03379,
0,
0,
0,
0,
0,
0,
0,
0,
0,
0,
0,
0,
0,
0.13868,
0.30494,
0.29549,
0.43493,
0.33575,
0.30317,
0.46718,
0.3805,
0.33626,
0.1809,
0.02727,
0,
0,
0,
0,
0,
0,
0,
0,
0,
0,
0,
0,
0,
0.1228,
0.22589,
0.26211,
0.39117,
0.26217,
0.46152,
0.20224,
0.08915,
0.12512,
0.09178,
0.00875,
0,
0,
0,
0,
0,
0,
0,
0,
0,
0,
0,
0,
0,
0.03011,
0.10101,
0.19496,
0.21529,
0.49095,
0.62975,
0.45447,
0.37872,
0.28331,
0.15497,
0.02524,
0,
0,
0,
0,
0,
0,
0,
0,
0,
0,
0,
0,
0,
0.11041,
0.17043,
0.33707,
0.22367,
0.11428,
0.03747,
0.0928,
0.13678,
0.01038,
0.05158,
0.00205,
0,
0,
0,
0,
0,
0,
0,
0,
0,
0,
0,
0,
0,
0.12272,
0.33465,
0.44174,
0.52773,
0.56042,
0.50694,
0.3996,
0.41352,
0.32732,
0.19157,
0.02987,
0,
0,
0,
0,
0,
0,
0,
0,
0,
0,
0,
0,
0,
0.2024,
0.42165,
0.57702,
0.76066,
0.62072,
0.74753,
0.54004,
0.5263,
0.33883,
0.1669,
0.03516,
0,
0,
0,
0,
0,
0,
0,
0,
0,
0,
0,
0,
0,
0.20449,
0.37763,
0.5852,
0.55672,
0.53188,
0.63149,
0.74242,
0.55908,
0.41531,
0.16032,
0.04001,
0,
0,
0,
0,
0,
0,
0,
0,
0,
0,
0,
0,
0,
0.13802,
0.29029,
0.4569,
0.51892,
0.62969,
0.67274,
0.49891,
0.28081,
0.25805,
0.10199,
0.02431,
0,
0,
0,
0,
0,
0,
0,
0,
0,
0,
0,
0,
0,
0.20039,
0.31723,
0.47885,
0.60653,
0.35492,
0.4733,
0.1339,
0.30154,
0.29608,
0.15161,
0.03158,
0,
0,
0,
0,
0,
0,
0,
0,
0,
0,
0,
0,
0,
0.17375,
0.34494,
0.46223,
0.52528,
0.66783,
0.39426,
0.46871,
0.38705,
0.35139,
0.1443,
0.03666,
0,
0,
0,
0,
0,
0,
0,
0,
0,
0,
0,
0,
0,
0.19961,
0.41877,
0.46888,
0.5309,
0.56335,
0.68525,
0.6065,
0.22439,
0.19082,
0.11423,
0.03339,
0,
0,
0,
0,
0,
0,
0,
0,
0,
0,
0,
0,
0,
0.20767,
0.42364,
0.49977,
0.61758,
0.75426,
0.70734,
0.34873,
0.23287,
0.34237,
0.1621,
0.03317,
0,
0,
0,
0,
0,
0,
0,
0,
0,
0,
0,
0,
0,
0.16351,
0.29915,
0.26978,
0.48736,
0.30432,
0.48968,
0.25063,
0.29831,
0.30004,
0.15562,
0.03112,
0,
0,
0,
0,
0,
0,
0,
0,
0,
0,
0,
0,
0,
0.18456,
0.41547,
0.49799,
0.68244,
0.73945,
0.71007,
0.55029,
0.59774,
0.32887,
0.19382,
0.03806,
0,
0,
0,
0,
0,
0,
0,
0,
0,
0,
0,
0,
0,
0.21289,
0.42687,
0.61343,
0.74499,
0.82649,
0.83158,
0.71345,
0.62855,
0.41613,
0.18744,
0.03819,
0,
0,
0,
0,
0,
0,
0,
0,
0,
0,
0,
0,
0,
0.18898,
0.3555,
0.47366,
0.68635,
0.50852,
0.67104,
0.62721,
0.30701,
0.31645,
0.20031,
0.02669,
0,
0,
0,
0,
0,
0,
0,
0,
0,
0,
0,
0,
0,
0.22328,
0.45619,
0.66698,
0.79333,
0.87801,
0.86393,
0.7502,
0.61677,
0.39784,
0.21706,
0.03953,
0,
0,
0,
0,
0,
0,
0,
0,
0,
0,
0,
0,
0,
0.18468,
0.17105,
0.103,
0.26356,
0.56638,
0.69269,
0.6707,
0.44014,
0.31427,
0.17224,
0.03581,
0,
0,
0,
0,
0,
0,
0,
0,
0,
0,
0,
0,
0.04489,
0.13805,
0.26124,
0.31392,
0.54646,
0.66229,
0.65909,
0.6077,
0.48994,
0.34305,
0.16895,
0.03299,
0,
0,
0,
0,
0,
0,
0,
0,
0,
0,
0,
0,
0.04369,
0.14314,
0.35565,
0.52979,
0.59708,
0.7599,
0.73226,
0.61914,
0.55605,
0.4126,
0.19248,
0.03302,
0,
0,
0,
0,
0,
0,
0,
0,
0,
0,
0,
0,
0.0433,
0.15127,
0.25103,
0.20843,
0.17477,
0.53837,
0.56205,
0.53552,
0.43421,
0.23071,
0.10993,
0.01612,
0,
0,
0,
0,
0,
0,
0,
0,
0,
0,
0,
0,
0.04734,
0.17773,
0.33358,
0.49271,
0.69215,
0.66473,
0.74488,
0.71485,
0.59439,
0.36211,
0.17159,
0.02984,
0,
0,
0,
0,
0,
0,
0,
0,
0,
0,
0,
0,
0.05167,
0.21877,
0.44096,
0.62672,
0.59003,
0.7715,
0.44923,
0.39647,
0.21034,
0.28305,
0.14995,
0.03497,
0,
0,
0,
0,
0,
0,
0,
0,
0,
0,
0,
0,
0.06015,
0.22458,
0.4398,
0.63522,
0.69446,
0.75133,
0.83372,
0.50946,
0.51175,
0.3149,
0.1965,
0.03705,
0,
0,
0,
0,
0,
0,
0,
0,
0,
0,
0,
0,
0.05343,
0.19931,
0.31597,
0.41627,
0.22909,
0.51642,
0.35399,
0.17427,
0.17809,
0.11411,
0.12322,
0.03648,
0,
0,
0,
0,
0,
0,
0,
0,
0,
0,
0,
0,
0.06284,
0.22921,
0.45417,
0.57905,
0.61817,
0.66994,
0.83599,
0.75396,
0.64103,
0.44997,
0.2212,
0.03891,
0,
0,
0,
0,
0,
0,
0,
0,
0,
0,
0,
0,
0.04628,
0.16663,
0.34588,
0.42019,
0.21675,
0.70804,
0.57524,
0.48488,
0.46028,
0.37949,
0.11228,
0.03209,
0,
0,
0,
0,
0,
0,
0,
0,
0,
0,
0,
0,
0.04552,
0.1878,
0.32812,
0.34426,
0.20874,
0.39053,
0.20852,
0.28149,
0.35686,
0.22828,
0.13938,
0.03601,
0,
0,
0,
0,
0,
0,
0,
0,
0,
0,
0,
0,
0.05873,
0.18925,
0.33443,
0.49076,
0.79794,
0.88424,
0.8797,
0.76385,
0.62187,
0.41165,
0.17372,
0.03176,
0,
0,
0,
0,
0,
0,
0,
0,
0,
0,
0,
0,
0.05654,
0.21898,
0.39221,
0.63181,
0.66187,
0.37068,
0.37487,
0.34967,
0.18961,
0.19966,
0.06501,
0.02527,
0,
0,
0,
0,
0,
0,
0,
0,
0,
0,
0,
0,
0.03268,
0.14894,
0.31714,
0.31086,
0.22086,
0.32641,
0.30129,
0.26252,
0.40856,
0.26997,
0.10551,
0.00981,
0,
0,
0,
0,
0,
0,
0,
0,
0,
0,
0,
0,
0.05623,
0.21189,
0.38651,
0.55016,
0.53792,
0.55647,
0.58786,
0.426,
0.44558,
0.24918,
0.06878,
0.01637,
0,
0,
0,
0,
0,
0,
0,
0,
0,
0,
0,
0,
0.05551,
0.21367,
0.40872,
0.54942,
0.68209,
0.74599,
0.69089,
0.46631,
0.48012,
0.23032,
0.07952,
0.01186,
0,
0,
0,
0,
0,
0,
0,
0,
0,
0,
0,
0,
0.03682,
0.14298,
0.3362,
0.48899,
0.67823,
0.75463,
0.524,
0.60824,
0.33198,
0.27831,
0.14905,
0.01856,
0,
0,
0,
0,
0,
0,
0,
0,
0,
0,
0,
0,
0.04156,
0.13873,
0.25984,
0.30931,
0.4112,
0.65009,
0.76319,
0.67748,
0.55252,
0.33557,
0.18766,
0.03124,
0,
0,
0,
0,
0,
0,
0,
0,
0,
0,
0,
0,
0.06131,
0.21933,
0.445,
0.55709,
0.54274,
0.63134,
0.73527,
0.61488,
0.49152,
0.37586,
0.20498,
0.02802,
0,
0,
0,
0,
0,
0,
0,
0,
0,
0,
0,
0,
0.0538,
0.21621,
0.35154,
0.5196,
0.71748,
0.55398,
0.81713,
0.77303,
0.59077,
0.36902,
0.17043,
0.03171,
0,
0,
0,
0,
0,
0,
0,
0,
0,
0,
0,
0,
0.06652,
0.25157,
0.47275,
0.68071,
0.8049,
0.87474,
0.78693,
0.74211,
0.53278,
0.25137,
0.17618,
0.02467,
0,
0,
0,
0,
0,
0,
0,
0,
0,
0,
0,
0,
0.06018,
0.21941,
0.31537,
0.57624,
0.5943,
0.60183,
0.79578,
0.44807,
0.34654,
0.21528,
0.04649,
0.00796,
0,
0,
0,
0,
0,
0,
0,
0,
0,
0,
0,
0,
0.05022,
0.1781,
0.3323,
0.38637,
0.64886,
0.60879,
0.60345,
0.58786,
0.38578,
0.24342,
0.13773,
0.0163,
0,
0,
0,
0,
0,
0,
0,
0,
0,
0,
0,
0,
0.04648,
0.16501,
0.36321,
0.29451,
0.27912,
0.51089,
0.56118,
0.62316,
0.44551,
0.20672,
0.11645,
0.02127,
0,
0,
0,
0,
0,
0,
0,
0,
0,
0,
0,
0,
0.05922,
0.19393,
0.44162,
0.61953,
0.68887,
0.71423,
0.74119,
0.60959,
0.59063,
0.39529,
0.18959,
0.03059,
0,
0,
0,
0,
0,
0,
0,
0,
0,
0,
0,
0,
0.06199,
0.22364,
0.44708,
0.57813,
0.53946,
0.70562,
0.70973,
0.5715,
0.50796,
0.40652,
0.17582,
0.0283,
0,
0,
0,
0,
0,
0,
0,
0,
0,
0,
0,
0,
0.06659,
0.23261,
0.35497,
0.52121,
0.77469,
0.71186,
0.7375,
0.6379,
0.53218,
0.37586,
0.15915,
0.02636,
0,
0,
0,
0,
0,
0,
0,
0,
0,
0,
0,
0,
0.07006,
0.24969,
0.38682,
0.55276,
0.68595,
0.7546,
0.70437,
0.67825,
0.47674,
0.35758,
0.17191,
0.02701,
0,
0,
0,
0,
0,
0,
0,
0,
0,
0,
0,
0,
0.06468,
0.24702,
0.45161,
0.60106,
0.73254,
0.54068,
0.73046,
0.66347,
0.54774,
0.26625,
0.1922,
0.02476,
0,
0,
0,
0,
0,
0,
0,
0,
0,
0,
0,
0,
0.06052,
0.24232,
0.42271,
0.56879,
0.7337,
0.82181,
0.81131,
0.78032,
0.61993,
0.43088,
0.20986,
0.02895,
0,
0,
0,
0,
0,
0,
0,
0,
0,
0,
0,
0,
0.07315,
0.2369,
0.4508,
0.45532,
0.43011,
0.68577,
0.66402,
0.63083,
0.47486,
0.41073,
0.19094,
0.02587,
0,
0,
0,
0,
0,
0,
0,
0,
0,
0,
0,
0,
0.07409,
0.26363,
0.42389,
0.5925,
0.79091,
0.85798,
0.78079,
0.7258,
0.59938,
0.33245,
0.21098,
0.02874,
0,
0,
0,
0,
0,
0,
0,
0,
0,
0,
0,
0,
0.07478,
0.25345,
0.4701,
0.63831,
0.76347,
0.81475,
0.80678,
0.66625,
0.49586,
0.25526,
0.16555,
0.02197,
0,
0,
0,
0,
0,
0,
0,
0,
0,
0,
0,
0,
0.06018,
0.2133,
0.34636,
0.5504,
0.63102,
0.71284,
0.63674,
0.62579,
0.40468,
0.35406,
0.17968,
0.02464,
0,
0,
0,
0,
0,
0,
0,
0,
0,
0,
0,
0,
0.05751,
0.25801,
0.44236,
0.63144,
0.83053,
0.82565,
0.76312,
0.71048,
0.60096,
0.36071,
0.1838,
0.02157,
0,
0,
0,
0,
0,
0,
0,
0,
0,
0,
0,
0,
0.0661,
0.23389,
0.3944,
0.63859,
0.65514,
0.73708,
0.57929,
0.60626,
0.52313,
0.33982,
0.18839,
0.0246,
0,
0,
0,
0,
0,
0,
0,
0,
0,
0,
0,
0,
0.0572,
0.22574,
0.37109,
0.53598,
0.71152,
0.59366,
0.56118,
0.50516,
0.44411,
0.34171,
0.17681,
0.02232,
0,
0,
0,
0,
0,
0,
0,
0,
0,
0,
0,
0,
0.08108,
0.24537,
0.48628,
0.64898,
0.79849,
0.77289,
0.85751,
0.786,
0.49374,
0.32928,
0.15843,
0.02248,
0,
0,
0,
0,
0,
0,
0,
0,
0,
0,
0,
0,
0.07437,
0.22483,
0.39349,
0.55055,
0.73945,
0.70791,
0.64357,
0.59894,
0.53324,
0.3261,
0.17288,
0.02279,
0,
0,
0,
0,
0,
0,
0,
0,
0,
0,
0,
0,
0.07385,
0.18118,
0.38669,
0.50487,
0.65237,
0.66961,
0.76755,
0.748,
0.5622,
0.3664,
0.20226,
0.02305,
0,
0,
0,
0,
0,
0,
0,
0,
0,
0,
0,
0,
0.08254,
0.28538,
0.49246,
0.6357,
0.80105,
0.89014,
0.84104,
0.74133,
0.5067,
0.35578,
0.18737,
0.02267,
0,
0,
0,
0,
0,
0,
0,
0,
0,
0,
0,
0,
0.08317,
0.27638,
0.48585,
0.47316,
0.56989,
0.70838,
0.67067,
0.77207,
0.40143,
0.35264,
0.1641,
0.02174,
0,
0,
0,
0,
0,
0,
0,
0,
0,
0,
0,
0,
0.0862,
0.28762,
0.44719,
0.63979,
0.76885,
0.84777,
0.88464,
0.79577,
0.62517,
0.43056,
0.20786,
0.02323,
0,
0,
0,
0,
0,
0,
0,
0,
0,
0,
0,
0,
0.0718,
0.25713,
0.43733,
0.60904,
0.71002,
0.63803,
0.65815,
0.47397,
0.37243,
0.25238,
0.13664,
0.01843,
0,
0,
0,
0,
0,
0,
0,
0,
0,
0,
0,
0,
0.07012,
0.27597,
0.46691,
0.56215,
0.60289,
0.73024,
0.65827,
0.53243,
0.4231,
0.31214,
0.12346,
0.01549,
0,
0,
0,
0,
0,
0,
0,
0,
0,
0,
0,
0,
0.07954,
0.27265,
0.46884,
0.47367,
0.59236,
0.60781,
0.49652,
0.50079,
0.28702,
0.3053,
0.09204,
0.0064,
0,
0,
0,
0,
0,
0,
0,
0,
0,
0,
0,
0,
0.06611,
0.23309,
0.48975,
0.58748,
0.67521,
0.75026,
0.48764,
0.48072,
0.40806,
0.33586,
0.12844,
0.01332,
0,
0,
0,
0,
0,
0,
0,
0,
0,
0,
0,
0,
0.07256,
0.22336,
0.42487,
0.5652,
0.5852,
0.62237,
0.5852,
0.57098,
0.44132,
0.30689,
0.12997,
0.00841,
0,
0,
0,
0,
0,
0,
0,
0,
0,
0,
0,
0,
0.05463,
0.22852,
0.45594,
0.51112,
0.59077,
0.69001,
0.64018,
0.62086,
0.50381,
0.26039,
0.12558,
0.01037,
0,
0,
0,
0,
0,
0,
0,
0,
0,
0,
0,
0,
0.06815,
0.25565,
0.44934,
0.54775,
0.38701,
0.57078,
0.34574,
0.3888,
0.31594,
0.2588,
0.10095,
0.00713,
0,
0,
0,
0,
0,
0,
0,
0,
0,
0,
0,
0,
0.06464,
0.18978,
0.34594,
0.4054,
0.52348,
0.54595,
0.54669,
0.36687,
0.45601,
0.22926,
0.14763,
0.0117,
0,
0,
0,
0,
0,
0,
0,
0,
0,
0,
0,
0,
0.05376,
0.2042,
0.31586,
0.40536,
0.34249,
0.60527,
0.56705,
0.48951,
0.37266,
0.20073,
0.0785,
0.00871,
0,
0,
0,
0,
0,
0,
0,
0,
0,
0,
0,
0,
0.08843,
0.25399,
0.28622,
0.41984,
0.58041,
0.5535,
0.74738,
0.49723,
0.38387,
0.11574,
0.10931,
0.00171,
0,
0,
0,
0,
0,
0,
0,
0,
0,
0,
0,
0,
0.08734,
0.27325,
0.45674,
0.51899,
0.50216,
0.54388,
0.57855,
0.46902,
0.36092,
0.16652,
0.09385,
0.00556,
0,
0,
0,
0,
0,
0,
0,
0,
0,
0,
0,
0,
0.07583,
0.19769,
0.42747,
0.51014,
0.60058,
0.69635,
0.6228,
0.58014,
0.38426,
0.30788,
0.13474,
0.01151,
0,
0,
0,
0,
0,
0,
0,
0,
0,
0,
0,
0,
0.05358,
0.19225,
0.36973,
0.50078,
0.58146,
0.63586,
0.59029,
0.47299,
0.37339,
0.19879,
0.10727,
0.00991,
0,
0,
0,
0,
0,
0,
0,
0,
0,
0,
0,
0,
0.08162,
0.25999,
0.46054,
0.52471,
0.53858,
0.59547,
0.69714,
0.60577,
0.4782,
0.30755,
0.1549,
0.01062,
0,
0,
0,
0,
0,
0,
0,
0,
0,
0,
0,
0,
0.08527,
0.27444,
0.47322,
0.469,
0.51495,
0.76746,
0.76335,
0.6556,
0.49362,
0.3869,
0.16266,
0.01387,
0,
0,
0,
0,
0,
0,
0,
0,
0,
0,
0,
0,
0.09265,
0.29018,
0.50516,
0.68654,
0.74778,
0.78328,
0.72495,
0.51504,
0.25711,
0.25468,
0.11166,
0.00884,
0,
0,
0,
0,
0,
0,
0,
0,
0,
0,
0,
0,
0.07535,
0.24158,
0.38821,
0.57537,
0.74885,
0.69981,
0.72342,
0.57669,
0.376,
0.28531,
0.13197,
0.00989,
0,
0,
0,
0,
0,
0,
0,
0,
0,
0,
0,
0,
0.07153,
0.22111,
0.44933,
0.62148,
0.75815,
0.75923,
0.52802,
0.54973,
0.55354,
0.31973,
0.13688,
0.01253,
0,
0,
0,
0,
0,
0,
0,
0,
0,
0,
0,
0,
0.08568,
0.20357,
0.48801,
0.56529,
0.77639,
0.81462,
0.74095,
0.61098,
0.53625,
0.33097,
0.15888,
0.00705,
0,
0,
0,
0,
0,
0,
0,
0,
0,
0,
0,
0,
0.08316,
0.23752,
0.43947,
0.55001,
0.65961,
0.69091,
0.71639,
0.68046,
0.50706,
0.28062,
0.16646,
0.01133,
0,
0,
0,
0,
0,
0,
0,
0,
0,
0,
0,
0,
0.05679,
0.23336,
0.32699,
0.55372,
0.76323,
0.76089,
0.6393,
0.73775,
0.4357,
0.35992,
0.13954,
0.01079,
0,
0,
0,
0,
0,
0,
0,
0,
0,
0,
0,
0,
0.0496,
0.2028,
0.35553,
0.50438,
0.71941,
0.73644,
0.69519,
0.53251,
0.49349,
0.28505,
0.15379,
0.01065,
0,
0,
0,
0,
0,
0,
0,
0,
0,
0,
0,
0,
0.10472,
0.3048,
0.50419,
0.62677,
0.74007,
0.77648,
0.77328,
0.66327,
0.55466,
0.38765,
0.17978,
0.01112,
0,
0,
0,
0,
0,
0,
0,
0,
0,
0,
0,
0,
0.07266,
0.26995,
0.37026,
0.5821,
0.64783,
0.58558,
0.62679,
0.53324,
0.46177,
0.27912,
0.10199,
0.00909,
0,
0,
0,
0,
0,
0,
0,
0,
0,
0,
0,
0,
0.06869,
0.26146,
0.3533,
0.49934,
0.63406,
0.74265,
0.7962,
0.72147,
0.47674,
0.31851,
0.15281,
0.00853,
0,
0,
0,
0,
0,
0,
0,
0,
0,
0,
0,
0,
0.08957,
0.25431,
0.41458,
0.5254,
0.66015,
0.69812,
0.54399,
0.54685,
0.49041,
0.36447,
0.16196,
0.01002,
0,
0,
0,
0,
0,
0,
0,
0,
0,
0,
0,
0,
0.0881,
0.27374,
0.44019,
0.63827,
0.63542,
0.72493,
0.66251,
0.69339,
0.51064,
0.30849,
0.12303,
0.00782,
0,
0,
0,
0,
0,
0,
0,
0,
0,
0,
0,
0,
0.07115,
0.2381,
0.37602,
0.51134,
0.43175,
0.2566,
0.28751,
0.44511,
0.10683,
0.08191,
0.02865,
0.00217,
0,
0,
0,
0,
0,
0,
0,
0,
0,
0,
0,
0,
0.05903,
0.21559,
0.3911,
0.52701,
0.63409,
0.69574,
0.64162,
0.53257,
0.47638,
0.32646,
0.15181,
0.00932,
0,
0,
0,
0,
0,
0,
0,
0,
0,
0,
0,
0,
0.07443,
0.22562,
0.33367,
0.45456,
0.64716,
0.74835,
0.74292,
0.60605,
0.36107,
0.27897,
0.07702,
0.00399,
0,
0,
0,
0,
0,
0,
0,
0,
0,
0,
0,
0,
0.08865,
0.22838,
0.43048,
0.49681,
0.51601,
0.58385,
0.65079,
0.38864,
0.41337,
0.21547,
0.14439,
0.00715,
0,
0,
0,
0,
0,
0,
0,
0,
0,
0,
0,
0,
0.08933,
0.27346,
0.42804,
0.4252,
0.53387,
0.72973,
0.70889,
0.67434,
0.52326,
0.27416,
0.14935,
0.00813,
0,
0,
0,
0,
0,
0,
0,
0,
0,
0,
0,
0,
0.09306,
0.28232,
0.48897,
0.64721,
0.72639,
0.82481,
0.76705,
0.64339,
0.47243,
0.243,
0.16,
0.00795,
0,
0,
0,
0,
0,
0,
0,
0,
0,
0,
0,
0,
0.09055,
0.29088,
0.46191,
0.58153,
0.69106,
0.65406,
0.51139,
0.67895,
0.50583,
0.21037,
0.08575,
0.00339,
0,
0,
0,
0,
0,
0,
0,
0,
0,
0,
0,
0,
0.09192,
0.25445,
0.44274,
0.61797,
0.72056,
0.71185,
0.72926,
0.52819,
0.36677,
0.2853,
0.12332,
0.00629,
0,
0,
0,
0,
0,
0,
0,
0,
0,
0,
0,
0,
0.08155,
0.25028,
0.47642,
0.63939,
0.71283,
0.75623,
0.77288,
0.60218,
0.50922,
0.27759,
0.11002,
0.00832,
0,
0,
0,
0,
0,
0,
0,
0,
0,
0,
0,
0,
0.06718,
0.24118,
0.44331,
0.62802,
0.70639,
0.72873,
0.64999,
0.4445,
0.45015,
0.17137,
0.0821,
0.00567,
0,
0,
0,
0,
0,
0,
0,
0,
0,
0,
0,
0,
0.09363,
0.27198,
0.46747,
0.63599,
0.70677,
0.78021,
0.75494,
0.57491,
0.2736,
0.24886,
0.12233,
0.00681,
0,
0,
0,
0,
0,
0,
0,
0,
0,
0,
0,
0,
0.08812,
0.24838,
0.40735,
0.45573,
0.54991,
0.66235,
0.65513,
0.56371,
0.22978,
0.15622,
0.05891,
0.00547,
0,
0,
0,
0,
0,
0,
0,
0,
0,
0,
0,
0,
0.03655,
0.07349,
0.10143,
0.10968,
0.01207,
0.11444,
0.02139,
0.00937,
0,
0,
0,
0,
0,
0,
0,
0,
0,
0,
0,
0,
0,
0,
0,
0,
0.05276,
0.14795,
0.25345,
0.39391,
0.32002,
0.14772,
0.3072,
0.20427,
0.17771,
0.177,
0.06973,
0.00172,
0,
0,
0,
0,
0,
0,
0,
0,
0,
0,
0,
0,
0.07911,
0.26788,
0.4064,
0.60682,
0.65872,
0.58355,
0.46211,
0.45858,
0.41032,
0.22544,
0.05955,
0.00557,
0,
0,
0,
0,
0,
0,
0,
0,
0,
0,
0,
0,
0.0928,
0.26594,
0.4636,
0.60682,
0.5821,
0.59986,
0.43853,
0.39619,
0.42535,
0.18193,
0.08702,
0.00647,
0,
0,
0,
0,
0,
0,
0,
0,
0,
0,
0,
0,
0.07555,
0.22659,
0.39565,
0.509,
0.52985,
0.56529,
0.51424,
0.43421,
0.13312,
0.08967,
0.04589,
0.00444,
0,
0,
0,
0,
0,
0,
0,
0,
0,
0,
0,
0,
0.08255,
0.22881,
0.39471,
0.58152,
0.61283,
0.58975,
0.50353,
0.31549,
0.32094,
0.19927,
0.08918,
0.00226,
0,
0,
0,
0,
0,
0,
0,
0,
0,
0,
0,
0,
0.07962,
0.23409,
0.39895,
0.50527,
0.64975,
0.64396,
0.59897,
0.32848,
0.36384,
0.16637,
0.06115,
0.00243,
0,
0,
0,
0,
0,
0,
0,
0,
0,
0,
0,
0,
0.07625,
0.23887,
0.31423,
0.53745,
0.45409,
0.56265,
0.39423,
0.31287,
0.37415,
0.25615,
0.10644,
0.0041,
0,
0,
0,
0,
0,
0,
0,
0,
0,
0,
0,
0,
0.09544,
0.27045,
0.39452,
0.55608,
0.49232,
0.13768,
0.07005,
0.09513,
0.03285,
0.03721,
0.01878,
0.00205,
0,
0,
0,
0,
0,
0,
0,
0,
0,
0,
0,
0,
0.03723,
0.16413,
0.35622,
0.576,
0.55178,
0.6199,
0.52716,
0.55614,
0.39476,
0.27439,
0.10364,
0.00638,
0,
0,
0,
0,
0,
0,
0,
0,
0,
0,
0,
0,
0.0287,
0.08489,
0.2259,
0.34789,
0.40015,
0.33969,
0.33803,
0.15519,
0.1487,
0.04724,
0.01791,
0.00122,
0,
0,
0,
0,
0,
0,
0,
0,
0,
0,
0,
0,
0.06673,
0.23005,
0.40399,
0.48236,
0.58201,
0.64385,
0.44825,
0.43691,
0.22649,
0.06542,
0.04418,
0.00363,
0,
0,
0,
0,
0,
0,
0,
0,
0,
0,
0,
0,
0.09204,
0.2625,
0.33467,
0.42282,
0.45359,
0.67165,
0.3274,
0.30413,
0.39921,
0.16087,
0.07108,
0.00546,
0,
0,
0,
0,
0,
0,
0,
0,
0,
0,
0,
0,
0.09553,
0.28694,
0.43847,
0.55231,
0.53371,
0.64008,
0.5868,
0.55677,
0.43474,
0.23555,
0.11682,
0.00121,
0,
0,
0,
0,
0,
0,
0,
0,
0,
0,
0,
0,
0.09587,
0.26578,
0.44803,
0.4439,
0.57615,
0.65557,
0.65769,
0.4742,
0.348,
0.27855,
0.08857,
0.00776,
0,
0,
0,
0,
0,
0,
0,
0,
0,
0,
0,
0,
0.09472,
0.28243,
0.44619,
0.57154,
0.5406,
0.54015,
0.61949,
0.37477,
0.35624,
0.22394,
0.11996,
0.00643,
0,
0,
0,
0,
0,
0,
0,
0,
0,
0,
0,
0,
0.0999,
0.29026,
0.46711,
0.58502,
0.74743,
0.72594,
0.73051,
0.63528,
0.5065,
0.24953,
0.10765,
0.00991,
0,
0,
0,
0,
0,
0,
0,
0,
0,
0,
0,
0,
0.08583,
0.25045,
0.4321,
0.5857,
0.5739,
0.63237,
0.59335,
0.54509,
0.36274,
0.11313,
0.04383,
0.00233,
0,
0,
0,
0,
0,
0,
0,
0,
0,
0,
0,
0,
0.05998,
0.20188,
0.26226,
0.44422,
0.59532,
0.54422,
0.62356,
0.45414,
0.3333,
0.29001,
0.08719,
0.00757,
0,
0,
0,
0,
0,
0,
0,
0,
0,
0,
0,
0,
0.08498,
0.24173,
0.42552,
0.53386,
0.69199,
0.7271,
0.67481,
0.62476,
0.44016,
0.28427,
0.11792,
0.00929,
0,
0,
0,
0,
0,
0,
0,
0,
0,
0,
0,
0,
0.07997,
0.19576,
0.43501,
0.37903,
0.62476,
0.71324,
0.66721,
0.51376,
0.45014,
0.27915,
0.13331,
0.00849,
0,
0,
0,
0,
0,
0,
0,
0,
0,
0,
0,
0,
0.09364,
0.2539,
0.399,
0.60401,
0.66702,
0.74046,
0.5938,
0.47285,
0.51106,
0.32676,
0.1317,
0.01183,
0,
0,
0,
0,
0,
0,
0,
0,
0,
0,
0,
0,
0.08935,
0.25722,
0.42412,
0.58263,
0.66289,
0.67155,
0.547,
0.51224,
0.53673,
0.3112,
0.13838,
0.01056,
0,
0,
0,
0,
0,
0,
0,
0,
0,
0,
0,
0,
0.08585,
0.23312,
0.43737,
0.54964,
0.57657,
0.591,
0.65476,
0.52016,
0.50182,
0.30566,
0.12465,
0.01039,
0,
0,
0,
0,
0,
0,
0,
0,
0,
0,
0,
0,
0.05797,
0.2089,
0.38488,
0.44444,
0.63386,
0.34221,
0.48866,
0.51054,
0.44487,
0.26999,
0.08528,
0.00735,
0,
0,
0,
0,
0,
0,
0,
0,
0,
0,
0,
0,
0.08266,
0.25781,
0.43081,
0.53253,
0.60535,
0.55562,
0.56255,
0.4398,
0.47641,
0.22576,
0.13503,
0.00609,
0,
0,
0,
0,
0,
0,
0,
0,
0,
0,
0,
0,
0.06471,
0.17619,
0.28859,
0.3985,
0.47908,
0.47149,
0.58474,
0.41241,
0.15604,
0.10431,
0.01881,
0.00192,
0,
0,
0,
0,
0,
0,
0,
0,
0,
0,
0,
0,
0.00394,
0.03658,
0.08583,
0.02525,
0.0148,
0.07636,
0.04014,
0.12586,
0.09274,
0.04012,
0.00404,
0.00002,
0,
0,
0,
0,
0,
0,
0,
0,
0,
0,
0,
0,
0.0062,
0.00827,
0.0121,
0.01262,
0.0121,
0.00905,
0.00242,
0,
0.00631,
0.00016,
0.01198,
0.00167,
0,
0,
0,
0,
0,
0,
0,
0,
0,
0,
0,
0,
0.02009,
0.10471,
0.10022,
0.1949,
0.26119,
0.31884,
0.34598,
0.1239,
0.44579,
0.16975,
0.02575,
0.00117,
0,
0,
0,
0,
0,
0,
0,
0,
0,
0,
0,
0,
0.02275,
0.07635,
0.17076,
0.26461,
0.34346,
0.37294,
0.40879,
0.36876,
0.34978,
0.20488,
0.03048,
0.00236,
0,
0,
0,
0,
0,
0,
0,
0,
0,
0,
0,
0,
0.03465,
0.12941,
0.30291,
0.44359,
0.50175,
0.43938,
0.23687,
0.08639,
0.25076,
0.20333,
0.04064,
0.0014,
0,
0,
0,
0,
0,
0,
0,
0,
0,
0,
0,
0,
0.02033,
0.20446,
0.3403,
0.43398,
0.60748,
0.45423,
0.60971,
0.50137,
0.41217,
0.34029,
0.1697,
0.0153,
0,
0,
0,
0,
0,
0,
0,
0,
0,
0,
0,
0,
0.07307,
0.20285,
0.33355,
0.43371,
0.57586,
0.61231,
0.4889,
0.42047,
0.51006,
0.25511,
0.13083,
0.01278,
0,
0,
0,
0,
0,
0,
0,
0,
0,
0,
0,
0,
0.07129,
0.22803,
0.29088,
0.44458,
0.49073,
0.46738,
0.49906,
0.38827,
0.3879,
0.25026,
0.15249,
0.01474,
0,
0,
0,
0,
0,
0,
0,
0,
0,
0,
0,
0,
0.04422,
0.10979,
0.20989,
0.12677,
0.21922,
0.26811,
0.40538,
0.39542,
0.44241,
0.12464,
0.01181,
0.00006,
0,
0,
0,
0,
0,
0,
0,
0,
0,
0,
0,
0,
0.03343,
0.11307,
0.23387,
0.30501,
0.57273,
0.29075,
0.33588,
0.24466,
0.20278,
0.11358,
0.01737,
0.00425,
0,
0,
0,
0,
0,
0,
0,
0,
0,
0,
0,
0,
0.06408,
0.25269,
0.44219,
0.52277,
0.59365,
0.50959,
0.59388,
0.43731,
0.50289,
0.30863,
0.14219,
0.00831,
0,
0,
0,
0,
0,
0,
0,
0,
0,
0,
0,
0,
0.0723,
0.22245,
0.41848,
0.45488,
0.59632,
0.58337,
0.53925,
0.57288,
0.44993,
0.27575,
0.07816,
0.01165,
0,
0,
0,
0,
0,
0,
0,
0,
0,
0,
0,
0,
0.06589,
0.23514,
0.33675,
0.5144,
0.56799,
0.61456,
0.44498,
0.33673,
0.31843,
0.21477,
0.038,
0.00387,
0,
0,
0,
0,
0,
0,
0,
0,
0,
0,
0,
0,
0.07205,
0.22481,
0.32562,
0.43114,
0.47452,
0.52996,
0.48545,
0.3988,
0.37798,
0.25206,
0.07556,
0.01267,
0,
0,
0,
0,
0,
0,
0,
0,
0,
0,
0,
0,
0.03973,
0.15831,
0.36883,
0.40052,
0.36466,
0.62421,
0.59065,
0.44776,
0.47345,
0.21215,
0.04127,
0.00457,
0,
0,
0,
0,
0,
0,
0,
0,
0,
0,
0,
0,
0.02691,
0.10457,
0.19213,
0.27197,
0.38674,
0.29818,
0.21051,
0.27433,
0.36062,
0.12833,
0.1386,
0.01365,
0,
0,
0,
0,
0,
0,
0,
0,
0,
0,
0,
0,
0.01217,
0.02193,
0.18119,
0.25661,
0.37143,
0.20974,
0.19575,
0.21478,
0.20817,
0.07412,
0.02648,
0.00366,
0,
0,
0,
0,
0,
0,
0,
0,
0,
0,
0,
0,
0.02567,
0.07661,
0.2087,
0.37643,
0.54953,
0.07743,
0.29053,
0.07042,
0.09146,
0.07315,
0.02309,
0.00137,
0,
0,
0,
0,
0,
0,
0,
0,
0,
0,
0,
0,
0.0126,
0.07495,
0.20791,
0.35136,
0.52658,
0.536,
0.5149,
0.5416,
0.33258,
0.21066,
0.10081,
0.0136,
0,
0,
0,
0,
0,
0,
0,
0,
0,
0,
0,
0,
0.06846,
0.20408,
0.32083,
0.41736,
0.53796,
0.44731,
0.42204,
0.58193,
0.13124,
0.23712,
0.11914,
0.01697,
0,
0,
0,
0,
0,
0,
0,
0,
0,
0,
0,
0,
0.08228,
0.26516,
0.44986,
0.61358,
0.68224,
0.72724,
0.74472,
0.63432,
0.49389,
0.3394,
0.16289,
0.01702,
0,
0,
0,
0,
0,
0,
0,
0,
0,
0,
0,
0,
0.06438,
0.23935,
0.37037,
0.54707,
0.61144,
0.58334,
0.57688,
0.36938,
0.33327,
0.25068,
0.09422,
0.0122,
0,
0,
0,
0,
0,
0,
0,
0,
0,
0,
0,
0,
0.01419,
0.02743,
0.05879,
0.16906,
0.24727,
0.37803,
0.51981,
0.59608,
0.48995,
0.3179,
0.11875,
0.00702,
0,
0,
0,
0,
0,
0,
0,
0,
0,
0,
0,
0,
0.01395,
0.04369,
0.14294,
0.22292,
0.23298,
0.3265,
0.29655,
0.3859,
0.17045,
0.02391,
0.00304,
0.00147,
0,
0,
0,
0,
0,
0,
0,
0,
0,
0,
0,
0,
0.04864,
0.16475,
0.28507,
0.43549,
0.48269,
0.58466,
0.48547,
0.51263,
0.41276,
0.24736,
0.08989,
0.00685,
0,
0,
0,
0,
0,
0,
0,
0,
0,
0,
0,
0,
0.04824,
0.20358,
0.36563,
0.45562,
0.5481,
0.50045,
0.56871,
0.50897,
0.41285,
0.26058,
0.10504,
0.0042,
0,
0,
0,
0,
0,
0,
0,
0,
0,
0,
0,
0,
0.06536,
0.22383,
0.35357,
0.47674,
0.64823,
0.60331,
0.47659,
0.59606,
0.41684,
0.197,
0.13882,
0.01551,
0,
0,
0,
0,
0,
0,
0,
0,
0,
0,
0,
0,
0.03624,
0.13118,
0.22036,
0.45415,
0.54205,
0.50457,
0.39008,
0.0623,
0.37958,
0.25894,
0.13544,
0.01491,
0,
0,
0,
0,
0,
0,
0,
0,
0,
0,
0,
0,
0.06635,
0.20843,
0.40949,
0.51584,
0.49328,
0.56329,
0.59553,
0.44322,
0.40475,
0.26513,
0.07078,
0.00597,
0,
0,
0,
0,
0,
0,
0,
0,
0,
0,
0,
0,
0.05145,
0.199,
0.34673,
0.5134,
0.62522,
0.56459,
0.51978,
0.37167,
0.42825,
0.21973,
0.06871,
0.00493,
0,
0,
0,
0,
0,
0,
0,
0,
0,
0,
0,
0,
0.014,
0.07228,
0.2713,
0.24118,
0.1835,
0.34257,
0.56677,
0.30271,
0.18221,
0.05786,
0.03726,
0.00208,
0,
0,
0,
0,
0,
0,
0,
0,
0,
0,
0,
0,
0.01688,
0.0773,
0.21936,
0.39644,
0.60351,
0.60689,
0.6227,
0.50375,
0.36185,
0.04532,
0.01257,
0.00216,
0,
0,
0,
0,
0,
0,
0,
0,
0,
0,
0,
0,
0.00563,
0.01228,
0.02356,
0.00427,
0.02082,
0.02534,
0.00687,
0.03277,
0.00584,
0.00445,
0,
0.00001,
0,
0,
0,
0,
0,
0,
0,
0,
0,
0,
0,
0,
0.06161,
0.15174,
0.36011,
0.49648,
0.58433,
0.524,
0.32961,
0.41319,
0.39228,
0.31123,
0.13426,
0.01299,
0,
0,
0,
0,
0,
0,
0,
0,
0,
0,
0,
0,
0.07198,
0.2449,
0.37142,
0.49756,
0.56362,
0.59687,
0.43031,
0.49693,
0.47378,
0.14816,
0.07414,
0.01602,
0,
0,
0,
0,
0,
0,
0,
0,
0,
0,
0,
0,
0.05686,
0.21392,
0.33476,
0.41146,
0.54691,
0.57676,
0.50517,
0.44825,
0.43713,
0.2433,
0.11842,
0.01907,
0,
0,
0,
0,
0,
0,
0,
0,
0,
0,
0,
0,
0.06507,
0.19898,
0.24894,
0.43974,
0.58137,
0.60237,
0.46146,
0.4828,
0.45862,
0.31679,
0.15806,
0.01588,
0,
0,
0,
0,
0,
0,
0,
0,
0,
0,
0,
0,
0.06286,
0.19661,
0.40261,
0.46687,
0.56784,
0.67638,
0.68293,
0.59506,
0.53824,
0.32924,
0.17301,
0.0223,
0,
0,
0,
0,
0,
0,
0,
0,
0,
0,
0,
0,
0.06611,
0.22232,
0.38832,
0.46544,
0.44612,
0.44111,
0.51626,
0.29522,
0.2884,
0.1246,
0.01915,
0.00208,
0,
0,
0,
0,
0,
0,
0,
0,
0,
0,
0,
0,
0.01884,
0.05072,
0.06509,
0.0778,
0.14522,
0.07546,
0.0865,
0.04638,
0.0745,
0.12342,
0.04892,
0.00262,
0,
0,
0,
0,
0,
0,
0,
0,
0,
0,
0,
0,
0.07046,
0.22032,
0.34395,
0.50395,
0.56934,
0.7097,
0.62789,
0.3893,
0.40876,
0.26573,
0.12131,
0.00434,
0,
0,
0,
0,
0,
0,
0,
0,
0,
0,
0,
0,
0.00914,
0.0624,
0.11432,
0.32192,
0.49375,
0.4648,
0.53988,
0.39788,
0.31065,
0.08898,
0.06017,
0.00935,
0,
0,
0,
0,
0,
0,
0,
0,
0,
0,
0,
0,
0.05429,
0.2033,
0.32223,
0.43415,
0.57152,
0.515,
0.54488,
0.5328,
0.12063,
0.07904,
0.09911,
0.01023,
0,
0,
0,
0,
0,
0,
0,
0,
0,
0,
0,
0,
0.02941,
0.10284,
0.18888,
0.31565,
0.31513,
0.38774,
0.38744,
0.20813,
0.35451,
0.20375,
0.05916,
0.0035,
0,
0,
0,
0,
0,
0,
0,
0,
0,
0,
0,
0,
0.07156,
0.22241,
0.29973,
0.46519,
0.57261,
0.53676,
0.62284,
0.55147,
0.50185,
0.2209,
0.07139,
0.00394,
0,
0,
0,
0,
0,
0,
0,
0,
0,
0,
0,
0,
0.07331,
0.25678,
0.45437,
0.55454,
0.68014,
0.66774,
0.59139,
0.41886,
0.39282,
0.09056,
0.10549,
0.01367,
0,
0,
0,
0,
0,
0,
0,
0,
0,
0,
0,
0,
0.04025,
0.14037,
0.33009,
0.45738,
0.56754,
0.60399,
0.56031,
0.53052,
0.42643,
0.26303,
0.076,
0.00921,
0,
0,
0,
0,
0,
0,
0,
0,
0,
0,
0,
0,
0.02965,
0.10466,
0.15678,
0.1826,
0.23998,
0.36322,
0.3693,
0.32594,
0.05961,
0.03685,
0.00045,
0.00003,
0,
0,
0,
0,
0,
0,
0,
0,
0,
0,
0,
0,
0,
0.00828,
0.03567,
0.08074,
0.16278,
0.08752,
0.04395,
0.06748,
0,
0.00468,
0.00266,
0.00159,
0,
0,
0,
0,
0,
0,
0,
0,
0,
0,
0,
0,
0,
0.00054,
0.0032,
0.00965,
0.01115,
0.0247,
0.05942,
0.00429,
0.00035,
0.00245,
0.00021,
0.00004,
0,
0,
0,
0,
0,
0,
0,
0,
0,
0,
0,
0,
0,
0.00424,
0.0236,
0.07999,
0.01198,
0.0638,
0.05958,
0.01507,
0.02955,
0.01323,
0.00215,
0.00169,
0,
0,
0,
0,
0,
0,
0,
0,
0,
0,
0,
0,
0.00149,
0.01407,
0.01331,
0.0165,
0.04654,
0.01207,
0.0101,
0.00686,
0.04215,
0.02107,
0.00408,
0.00023,
0,
0,
0,
0,
0,
0,
0,
0,
0,
0,
0,
0,
0,
0.00188,
0.00976,
0.00113,
0.05754,
0.0489,
0.02977,
0.02555,
0.04428,
0.04127,
0.0124,
0.00104,
0,
0,
0,
0,
0,
0,
0,
0,
0,
0,
0,
0,
0.04254,
0.17638,
0.27153,
0.3124,
0.2844,
0.34477,
0.34097,
0.2117,
0.20881,
0.19978,
0.04783,
0.00469,
0,
0,
0,
0,
0,
0,
0,
0,
0,
0,
0,
0,
0.03768,
0.11663,
0.24086,
0.40548,
0.32676,
0.32217,
0.15259,
0.1568,
0.18922,
0.10973,
0.10489,
0.01746,
0,
0,
0,
0,
0,
0,
0,
0,
0,
0,
0,
0,
0.02598,
0.06518,
0.2882,
0.40235,
0.44181,
0.41173,
0.63008,
0.45501,
0.3396,
0.12563,
0.03582,
0.00282,
0,
0,
0,
0,
0,
0,
0,
0,
0,
0,
0,
0,
0.04537,
0.08992,
0.02927,
0.4391,
0.51957,
0.42497,
0.53673,
0.45828,
0.20137,
0.14026,
0.01658,
0.00015,
0,
0,
0,
0,
0,
0,
0,
0,
0,
0,
0,
0,
0.01731,
0.04019,
0.06597,
0.17075,
0.11101,
0.07101,
0.0502,
0.01373,
0.03247,
0.00529,
0.00081,
0.00005,
0,
0,
0,
0,
0,
0,
0,
0,
0,
0,
0,
0,
0.00598,
0.02333,
0.06099,
0.04121,
0.03844,
0.03864,
0.04368,
0.02289,
0,
0,
0,
0,
0,
0,
0,
0,
0,
0,
0,
0,
0,
0,
0,
0,
0.02397,
0.09059,
0.06031,
0.02029,
0.05627,
0.10403,
0.01689,
0.02204,
0.11614,
0,
0.00071,
0.00006,
0,
0,
0,
0,
0,
0,
0,
0,
0,
0,
0,
0,
0.0352,
0.11923,
0.30603,
0.3764,
0.10764,
0.22078,
0.32655,
0.32167,
0.25679,
0.04471,
0.05035,
0.0103,
0,
0,
0,
0,
0,
0,
0,
0,
0,
0,
0,
0,
0.00554,
0.05698,
0.09757,
0.27934,
0.33777,
0.33662,
0.2486,
0.30771,
0.06952,
0.03908,
0.01579,
0.00449,
0,
0,
0,
0,
0,
0,
0,
0,
0,
0,
0,
0,
0.05531,
0.16496,
0.23137,
0.27666,
0.35305,
0.35354,
0.36818,
0.36966,
0.10583,
0.07606,
0.05297,
0.00594,
0,
0,
0,
0,
0,
0,
0,
0,
0,
0,
0,
0,
0.05177,
0.16862,
0.32474,
0.32984,
0.39031,
0.35134,
0.42223,
0.35508,
0.47264,
0.17044,
0.04452,
0.00215,
0,
0,
0,
0,
0,
0,
0,
0,
0,
0,
0,
0,
0.01369,
0.04362,
0.05614,
0.04859,
0.25571,
0.10502,
0.23728,
0.24284,
0.15158,
0.07577,
0.06537,
0.00276,
0,
0,
0,
0,
0,
0,
0,
0,
0,
0,
0,
0,
0.00846,
0.02206,
0.11008,
0.09308,
0.14395,
0.18254,
0.13403,
0.25526,
0.09405,
0.02032,
0.00375,
0.00065,
0,
0,
0,
0,
0,
0,
0,
0,
0,
0,
0,
0,
0.0463,
0.17092,
0.35854,
0.46732,
0.47084,
0.34826,
0.34601,
0.12586,
0.0544,
0.0584,
0.02247,
0.00038,
0,
0,
0,
0,
0,
0,
0,
0,
0,
0,
0,
0,
0.04241,
0.16989,
0.26228,
0.29373,
0.23883,
0.42996,
0.27505,
0.10646,
0.12248,
0.09713,
0.04582,
0.00639,
0,
0,
0,
0,
0,
0,
0,
0,
0,
0,
0,
0,
0.07466,
0.25523,
0.4141,
0.36232,
0.07399,
0.18327,
0.04922,
0.09169,
0.17145,
0.09343,
0.00535,
0.00028,
0,
0,
0,
0,
0,
0,
0,
0,
0,
0,
0,
0,
0.04378,
0.19216,
0.23578,
0.42539,
0.47674,
0.30709,
0.46547,
0.30275,
0.13039,
0.02887,
0.00325,
0.00025,
0,
0,
0,
0,
0,
0,
0,
0,
0,
0,
0,
0,
0.00093,
0.00016,
0.00762,
0.00172,
0.00539,
0.05131,
0.06482,
0.04812,
0.00258,
0.00852,
0.02066,
0,
0,
0,
0,
0,
0,
0,
0,
0,
0,
0,
0,
0,
0.03999,
0.2028,
0.3128,
0.26167,
0.25516,
0.61424,
0.50601,
0.45688,
0.43601,
0.26256,
0.09902,
0.0099,
0,
0,
0,
0,
0,
0,
0,
0,
0,
0,
0,
0,
0.06839,
0.22769,
0.36449,
0.55578,
0.53336,
0.58386,
0.51051,
0.34273,
0.39551,
0.24347,
0.04815,
0.00925,
0,
0,
0,
0,
0,
0,
0,
0,
0,
0,
0,
0,
0.05925,
0.18346,
0.38096,
0.33866,
0.43536,
0.5541,
0.59512,
0.43606,
0.45856,
0.34268,
0.14275,
0.013,
0,
0,
0,
0,
0,
0,
0,
0,
0,
0,
0,
0,
0.04872,
0.21983,
0.38326,
0.53404,
0.57409,
0.68319,
0.68182,
0.56468,
0.3839,
0.20322,
0.10315,
0.01842,
0,
0,
0,
0,
0,
0,
0,
0,
0,
0,
0,
0,
0.07878,
0.21042,
0.39365,
0.43264,
0.46327,
0.59171,
0.5569,
0.43552,
0.49113,
0.30187,
0.1745,
0.01841,
0,
0,
0,
0,
0,
0,
0,
0,
0,
0,
0,
0,
0.0828,
0.24592,
0.41365,
0.62043,
0.52877,
0.54856,
0.47335,
0.44033,
0.35838,
0.33374,
0.10809,
0.01219,
0,
0,
0,
0,
0,
0,
0,
0,
0,
0,
0,
0,
0.04948,
0.20591,
0.3437,
0.50927,
0.612,
0.62376,
0.56202,
0.47704,
0.49447,
0.28694,
0.17245,
0.01486,
0,
0,
0,
0,
0,
0,
0,
0,
0,
0,
0,
0,
0.05123,
0.19888,
0.307,
0.35294,
0.50982,
0.62575,
0.40325,
0.39838,
0.28,
0.11223,
0.02511,
0.00021,
0,
0,
0,
0,
0,
0,
0,
0,
0,
0,
0,
0,
0.02148,
0.06072,
0.04066,
0.0152,
0.0082,
0,
0.04797,
0.03304,
0.00432,
0.01435,
0.00124,
0,
0,
0,
0,
0,
0,
0,
0,
0,
0,
0,
0,
0,
0.01778,
0.09228,
0.18056,
0.36693,
0.36379,
0.15955,
0.04633,
0.00997,
0.03567,
0.03024,
0.00301,
0.00035,
0,
0,
0,
0,
0,
0,
0,
0,
0,
0,
0,
0,
0.01181,
0.05489,
0.05598,
0.19631,
0.17965,
0.30251,
0.05419,
0.02192,
0.10208,
0.25083,
0.05694,
0.01063,
0,
0,
0,
0,
0,
0,
0,
0,
0,
0,
0,
0,
0.04955,
0.18754,
0.36399,
0.39353,
0.49558,
0.33408,
0.36679,
0.24855,
0.47873,
0.28707,
0.08787,
0.00582,
0,
0,
0,
0,
0,
0,
0,
0,
0,
0,
0,
0,
0.06236,
0.20957,
0.39669,
0.42949,
0.43539,
0.54882,
0.56828,
0.44277,
0.54413,
0.28018,
0.1396,
0.00801,
0,
0,
0,
0,
0,
0,
0,
0,
0,
0,
0,
0,
0.06991,
0.24825,
0.37514,
0.58307,
0.49382,
0.62767,
0.68306,
0.44148,
0.45947,
0.24524,
0.04604,
0.00422,
0,
0,
0,
0,
0,
0,
0,
0,
0,
0,
0,
0,
0.05233,
0.24179,
0.39624,
0.61548,
0.73536,
0.59646,
0.69191,
0.59509,
0.52615,
0.32738,
0.14954,
0.00751,
0,
0,
0,
0,
0,
0,
0,
0,
0,
0,
0,
0,
0.06883,
0.22302,
0.47828,
0.60769,
0.65698,
0.73596,
0.71268,
0.64216,
0.51872,
0.30491,
0.15485,
0.01173,
0,
0,
0,
0,
0,
0,
0,
0,
0,
0,
0,
0,
0.05284,
0.15097,
0.33597,
0.47559,
0.33806,
0.21673,
0.31093,
0.42108,
0.41158,
0.2399,
0.09218,
0.00773,
0,
0,
0,
0,
0,
0,
0,
0,
0,
0,
0,
0,
0.05072,
0.16622,
0.26189,
0.50756,
0.49296,
0.32696,
0.49121,
0.35864,
0.47918,
0.21298,
0.068,
0.00158,
0,
0,
0,
0,
0,
0,
0,
0,
0,
0,
0,
0,
0.0409,
0.12654,
0.24286,
0.26652,
0.2478,
0.32157,
0.58018,
0.37755,
0.35401,
0.16661,
0.11094,
0.0083,
0,
0,
0,
0,
0,
0,
0,
0,
0,
0,
0,
0,
0.0886,
0.23462,
0.36019,
0.40754,
0.57946,
0.74934,
0.70046,
0.61817,
0.48953,
0.13154,
0.01646,
0.00156,
0,
0,
0,
0,
0,
0,
0,
0,
0,
0,
0,
0,
0.06479,
0.27402,
0.44684,
0.42311,
0.66649,
0.73518,
0.61487,
0.66862,
0.51089,
0.30426,
0.1298,
0.00552,
0,
0,
0,
0,
0,
0,
0,
0,
0,
0,
0,
0,
0.04981,
0.2201,
0.44773,
0.61895,
0.65413,
0.65692,
0.65123,
0.31173,
0.45078,
0.25578,
0.07266,
0.00381,
0,
0,
0,
0,
0,
0,
0,
0,
0,
0,
0,
0,
0.04841,
0.15902,
0.25453,
0.31957,
0.34047,
0.30066,
0.30636,
0.23269,
0.01981,
0.00612,
0.00016,
0.00001,
0,
0,
0,
0,
0,
0,
0,
0,
0,
0,
0,
0,
0.08284,
0.26131,
0.48599,
0.63101,
0.66087,
0.63017,
0.52923,
0.34074,
0.33757,
0.23901,
0.1315,
0.00603,
0,
0,
0,
0,
0,
0,
0,
0,
0,
0,
0,
0,
0.07746,
0.2626,
0.41776,
0.53088,
0.52122,
0.5945,
0.60974,
0.64518,
0.43791,
0.25056,
0.09549,
0.00219,
0,
0,
0,
0,
0,
0,
0,
0,
0,
0,
0,
0,
0.00054,
0.02366,
0.01168,
0.00112,
0.00005,
0,
0,
0.0001,
0.03531,
0.06813,
0.05493,
0.00162,
0,
0,
0,
0,
0,
0,
0,
0,
0,
0,
0,
0,
0.00339,
0.02143,
0.05026,
0.23981,
0.08527,
0.07309,
0.03018,
0.0586,
0.05983,
0.03068,
0.00333,
0.00005,
0,
0,
0,
0,
0,
0,
0,
0,
0,
0,
0,
0,
0,
0.00388,
0.08892,
0.03353,
0.0749,
0.08824,
0.15141,
0.04253,
0.00748,
0.00995,
0.00486,
0.00034,
0,
0,
0,
0,
0,
0,
0,
0,
0,
0,
0,
0,
0.02029,
0.10311,
0.31772,
0.54939,
0.46556,
0.22019,
0.17086,
0.36087,
0.11538,
0.03175,
0.0197,
0,
0,
0,
0,
0,
0,
0,
0,
0,
0,
0,
0,
0,
0.05183,
0.1881,
0.35171,
0.56208,
0.57877,
0.63933,
0.48149,
0.53778,
0.33027,
0.16958,
0.02466,
0.00085,
0,
0,
0,
0,
0,
0,
0,
0,
0,
0,
0,
0,
0.07769,
0.23127,
0.4469,
0.49289,
0.66524,
0.69629,
0.59691,
0.55175,
0.31931,
0.21513,
0.11883,
0.00169,
0,
0,
0,
0,
0,
0,
0,
0,
0,
0,
0,
0,
0.07911,
0.29341,
0.48633,
0.60462,
0.68206,
0.56488,
0.68072,
0.50611,
0.39924,
0.28517,
0.1024,
0.00193,
0,
0,
0,
0,
0,
0,
0,
0,
0,
0,
0,
0,
0.10257,
0.30527,
0.48487,
0.67639,
0.66454,
0.65802,
0.52462,
0.5053,
0.29784,
0.17848,
0.05753,
0.00022,
0,
0,
0,
0,
0,
0,
0,
0,
0,
0,
0,
0,
0.05779,
0.19742,
0.38026,
0.52262,
0.3552,
0.52855,
0.3933,
0.27879,
0.17222,
0.12243,
0.05288,
0.00007,
0,
0,
0,
0,
0,
0,
0,
0,
0,
0,
0,
0,
0.04729,
0.15895,
0.28955,
0.4082,
0.30494,
0.40393,
0.14705,
0.05488,
0.18173,
0.07602,
0.03301,
0.00009,
0,
0,
0,
0,
0,
0,
0,
0,
0,
0,
0,
0,
0.02534,
0.09513,
0.16367,
0.22772,
0.39355,
0.40852,
0.35789,
0.14448,
0.23957,
0.08572,
0.00518,
0.00001,
0,
0,
0,
0,
0,
0,
0,
0,
0,
0,
0,
0,
0.00255,
0.00581,
0.0278,
0.06116,
0.22189,
0.22567,
0.21677,
0.09032,
0.17995,
0.01182,
0.00586,
0,
0,
0,
0,
0,
0,
0,
0,
0,
0,
0,
0,
0,
0.06773,
0.19332,
0.33719,
0.53843,
0.49692,
0.46918,
0.36164,
0.48554,
0.47021,
0.24839,
0.04769,
0,
0,
0,
0,
0,
0,
0,
0,
0,
0,
0,
0,
0,
0.06859,
0.24331,
0.33203,
0.54346,
0.62717,
0.6509,
0.68737,
0.59377,
0.45495,
0.23807,
0.05881,
0,
0,
0,
0,
0,
0,
0,
0,
0,
0,
0,
0,
0,
0.09801,
0.21241,
0.32957,
0.34096,
0.56236,
0.6883,
0.6439,
0.5394,
0.46419,
0.16281,
0.03608,
0,
0,
0,
0,
0,
0,
0,
0,
0,
0,
0,
0,
0,
0.06734,
0.19142,
0.36765,
0.49291,
0.48912,
0.6576,
0.63674,
0.48509,
0.38582,
0.19993,
0.09867,
0,
0,
0,
0,
0,
0,
0,
0,
0,
0,
0,
0,
0,
0.07774,
0.22956,
0.38349,
0.50404,
0.57774,
0.41031,
0.48788,
0.33464,
0.38149,
0.09862,
0.02857,
0,
0,
0,
0,
0,
0,
0,
0,
0,
0,
0,
0,
0,
0.00388,
0.01806,
0.1434,
0.18456,
0.20507,
0.23853,
0.12945,
0.16491,
0.06894,
0.05182,
0.00539,
0,
0,
0,
0,
0,
0,
0,
0,
0,
0,
0,
0,
0,
0.0531,
0.10653,
0.20058,
0.08987,
0.22552,
0.5005,
0.43562,
0.28983,
0.40199,
0.24383,
0.05127,
0,
0,
0,
0,
0,
0,
0,
0,
0,
0,
0,
0,
0,
0.09152,
0.23078,
0.42628,
0.67585,
0.38704,
0.55929,
0.67921,
0.55851,
0.24036,
0.21524,
0.09843,
0,
0,
0,
0,
0,
0,
0,
0,
0,
0,
0,
0,
0,
0.09313,
0.27308,
0.43394,
0.58156,
0.6513,
0.46511,
0.71108,
0.56646,
0.26021,
0.05982,
0.03255,
0,
0,
0,
0,
0,
0,
0,
0,
0,
0,
0,
0,
0,
0.05405,
0.08732,
0.099,
0.06586,
0.1242,
0.11323,
0.05583,
0.07388,
0.05775,
0.09842,
0.02168,
0,
0,
0,
0,
0,
0,
0,
0,
0,
0,
0,
0,
0,
0.02695,
0.08322,
0.16117,
0.36195,
0.50524,
0.53594,
0.49725,
0.34442,
0.20708,
0.06859,
0.0211,
0,
0,
0,
0,
0,
0,
0,
0,
0,
0,
0,
0,
0,
0.04403,
0.16047,
0.04557,
0.18311,
0.09239,
0.19791,
0.21785,
0.18485,
0.03705,
0.0062,
0.00424,
0,
0,
0,
0,
0,
0,
0,
0,
0,
0,
0,
0,
0,
0.00064,
0.02738,
0.09778,
0.09462,
0.15018,
0.09929,
0.01939,
0.03311,
0.06516,
0.01929,
0.04627,
0,
0,
0,
0,
0,
0,
0,
0,
0,
0,
0,
0,
0,
0.0042,
0.01506,
0.04154,
0.0524,
0.11639,
0.23051,
0.11429,
0.0628,
0.07841,
0.02187,
0.00217,
0,
0,
0,
0,
0,
0,
0,
0,
0,
0,
0,
0,
0,
0.00024,
0.00006,
0.00293,
0.00309,
0.03118,
0.01465,
0.00315,
0.00962,
0.00387,
0.00704,
0.00062,
0,
0,
0,
0,
0,
0,
0,
0,
0,
0,
0,
0,
0,
0.01798,
0.16221,
0.33434,
0.49567,
0.56261,
0.30992,
0.0826,
0.0216,
0.04627,
0.00127,
0.00112,
0,
0,
0,
0,
0,
0,
0,
0,
0,
0,
0,
0,
0,
0.04955,
0.18238,
0.12462,
0.27747,
0.52226,
0.56482,
0.49121,
0.25617,
0.38735,
0.25774,
0.08226,
0,
0,
0,
0,
0,
0,
0,
0,
0,
0,
0,
0,
0,
0.0587,
0.11346,
0.1119,
0.08532,
0.02641,
0.04863,
0.01983,
0.01035,
0,
0,
0,
0,
0,
0,
0,
0,
0,
0,
0,
0,
0,
0,
0,
0,
0.00269,
0.07659,
0.10822,
0.14245,
0.27623,
0.33782,
0.22726,
0.22462,
0.11987,
0.02784,
0.01398,
0,
0,
0,
0,
0,
0,
0,
0,
0,
0,
0,
0,
0,
0.07116,
0.17463,
0.34882,
0.45428,
0.32033,
0.62113,
0.40761,
0.15018,
0.36374,
0.18224,
0.03744,
0,
0,
0,
0,
0,
0,
0,
0,
0,
0,
0,
0,
0,
0.03211,
0.15749,
0.26734,
0.34367,
0.50529,
0.52543,
0.15322,
0.054,
0.01842,
0.08113,
0.03656,
0,
0,
0,
0,
0,
0,
0,
0,
0,
0,
0,
0,
0,
0.00164,
0.05882,
0.03852,
0.1005,
0.21059,
0.24551,
0.05736,
0.12538,
0.02061,
0.00522,
0.00677,
0,
0,
0,
0,
0,
0,
0,
0,
0,
0,
0,
0,
0,
0.07223,
0.18221,
0.32994,
0.46692,
0.54593,
0.66176,
0.5711,
0.46831,
0.36137,
0.15762,
0.04903,
0,
0,
0,
0,
0,
0,
0,
0,
0,
0,
0,
0,
0,
0.00368,
0,
0.00599,
0.00057,
0,
0.00092,
0.00005,
0,
0,
0,
0,
0,
0,
0,
0,
0,
0,
0,
0,
0,
0,
0,
0,
0,
0.0053,
0.04504,
0.03395,
0.13339,
0.1004,
0.25567,
0.39127,
0.37093,
0.209,
0.08655,
0.03051,
0,
0,
0,
0,
0,
0,
0,
0,
0,
0,
0,
0,
0,
0.06154,
0.16781,
0.22936,
0.44311,
0.5821,
0.67948,
0.33688,
0.27785,
0.37827,
0.16776,
0.04999,
0,
0,
0,
0,
0,
0,
0,
0,
0,
0,
0,
0,
0,
0.09801,
0.24626,
0.28734,
0.48495,
0.59103,
0.60096,
0.23447,
0.11046,
0.21163,
0.11687,
0.04788,
0,
0,
0,
0,
0,
0,
0,
0,
0,
0,
0,
0,
0,
0.03716,
0.19979,
0.236,
0.35393,
0.31566,
0.28775,
0.1688,
0.06579,
0.13217,
0.04469,
0.00709,
0,
0,
0,
0,
0,
0,
0,
0,
0,
0,
0,
0,
0,
0.02213,
0.14502,
0.11706,
0.18403,
0.13453,
0.04344,
0.04411,
0.04391,
0.0014,
0.00046,
0,
0,
0,
0,
0,
0,
0,
0,
0,
0,
0,
0,
0,
0,
0.00009,
0.0079,
0.01893,
0.01176,
0.13416,
0.02969,
0.0049,
0,
0.00391,
0.00077,
0,
0,
0,
0,
0,
0,
0,
0,
0,
0,
0,
0,
0,
0,
0.01816,
0.20769,
0.22289,
0.46889,
0.38964,
0.48918,
0.33068,
0.04621,
0.13758,
0.00574,
0.00148,
0,
0,
0,
0,
0,
0,
0,
0,
0,
0,
0,
0,
0,
0.06141,
0.19022,
0.35111,
0.41111,
0.60431,
0.55902,
0.53572,
0.41121,
0.31864,
0.19213,
0.06157,
0,
0,
0,
0,
0,
0,
0,
0,
0,
0,
0,
0,
0,
0.0619,
0.23479,
0.3927,
0.36912,
0.24601,
0.71989,
0.69572,
0.47761,
0.23059,
0.23949,
0.02985,
0,
0,
0,
0,
0,
0,
0,
0,
0,
0,
0,
0,
0,
0.079,
0.23619,
0.29241,
0.43131,
0.58088,
0.73793,
0.67486,
0.51996,
0.13242,
0.16663,
0.07604,
0,
0,
0,
0,
0,
0,
0,
0,
0,
0,
0,
0,
0,
0.11301,
0.32517,
0.48632,
0.65245,
0.56063,
0.68091,
0.70964,
0.47514,
0.15258,
0.25682,
0.0964,
0,
0,
0,
0,
0,
0,
0,
0,
0,
0,
0,
0,
0,
0.00489,
0.00733,
0.00618,
0,
0,
0,
0.00011,
0.0007,
0,
0,
0,
0,
0,
0,
0,
0,
0,
0,
0,
0,
0,
0,
0,
0,
0.05347,
0.22257,
0.28838,
0.39595,
0.56735,
0.53022,
0.31967,
0.20504,
0.14036,
0.08783,
0.03155,
0,
0,
0,
0,
0,
0,
0,
0,
0,
0,
0,
0,
0,
0.06762,
0.13718,
0.31989,
0.36643,
0.40886,
0.52844,
0.40373,
0.23036,
0.18832,
0.02351,
0.0093,
0,
0,
0,
0,
0,
0,
0,
0,
0,
0,
0,
0,
0,
0.06078,
0.18906,
0.29903,
0.37974,
0.23331,
0.22808,
0.39845,
0.37873,
0.11081,
0.0713,
0.05419,
0,
0,
0,
0,
0,
0,
0,
0,
0,
0,
0,
0,
0,
0.01419,
0.04874,
0.0814,
0.25111,
0.32447,
0.41869,
0.29051,
0.35961,
0.29845,
0.11005,
0.03126,
0,
0,
0,
0,
0,
0,
0,
0,
0,
0,
0,
0,
0,
0.09475,
0.264,
0.49131,
0.58774,
0.61985,
0.69066,
0.6628,
0.61286,
0.38889,
0.24352,
0.08887,
0,
0,
0,
0,
0,
0,
0,
0,
0,
0,
0,
0,
0,
0.08801,
0.27828,
0.45609,
0.52927,
0.65011,
0.55033,
0.29452,
0.13341,
0,
0.00011,
0,
0,
0,
0,
0,
0,
0,
0,
0,
0,
0,
0,
0,
0,
0,
0,
0.00453,
0.14599,
0.22661,
0.25427,
0.17514,
0.13572,
0.04398,
0.00832,
0.00812,
0,
0,
0,
0,
0,
0,
0,
0,
0,
0,
0,
0,
0,
0.00289,
0.00368,
0.05744,
0.06578,
0.09322,
0.20575,
0.01551,
0.08538,
0.29852,
0.10383,
0.04199,
0,
0,
0,
0,
0,
0,
0,
0,
0,
0,
0,
0,
0,
0.00833,
0.03177,
0.08347,
0.31057,
0.57617,
0.60045,
0.55822,
0.20092,
0.12378,
0.03034,
0.00828,
0,
0,
0,
0,
0,
0,
0,
0,
0,
0,
0,
0,
0,
0.00175,
0.0254,
0.01586,
0.0186,
0.0246,
0.00778,
0.00017,
0.0012,
0.00114,
0,
0,
0,
0,
0,
0,
0,
0,
0,
0,
0,
0,
0,
0,
0,
0,
0.0005,
0,
0.00102,
0.00006,
0.01355,
0.01525,
0.01834,
0.00309,
0.00216,
0.00077,
0,
0,
0,
0,
0,
0,
0,
0,
0,
0,
0,
0,
0,
0.03586,
0.11074,
0.25699,
0.38715,
0.57843,
0.60657,
0.5549,
0.33963,
0.44406,
0.17242,
0.04747,
0,
0,
0,
0,
0,
0,
0,
0,
0,
0,
0,
0,
0,
0.07222,
0.24314,
0.33307,
0.36954,
0.38836,
0.62868,
0.61904,
0.52001,
0.20839,
0.22728,
0.05835,
0,
0,
0,
0,
0,
0,
0,
0,
0,
0,
0,
0,
0,
0.08187,
0.21673,
0.44985,
0.50605,
0.52789,
0.68493,
0.62645,
0.55485,
0.4101,
0.25095,
0.08693,
0,
0,
0,
0,
0,
0,
0,
0,
0,
0,
0,
0,
0,
0.0993,
0.26463,
0.48086,
0.42004,
0.36569,
0.50931,
0.47023,
0.60874,
0.48169,
0.28703,
0.10596,
0,
0,
0,
0,
0,
0,
0,
0,
0,
0,
0,
0,
0,
0.06319,
0.1884,
0.3884,
0.55763,
0.516,
0.4938,
0.57222,
0.51682,
0.37771,
0.24042,
0.08703,
0,
0,
0,
0,
0,
0,
0,
0,
0,
0,
0,
0,
0,
0.08751,
0.23776,
0.32021,
0.40069,
0.52375,
0.44712,
0.46983,
0.49514,
0.32755,
0.2385,
0.10158,
0,
0,
0,
0,
0,
0,
0,
0,
0,
0,
0,
0,
0,
0.07512,
0.22076,
0.2806,
0.33407,
0.5589,
0.6921,
0.61005,
0.56676,
0.47862,
0.29905,
0.09893,
0,
0,
0,
0,
0,
0,
0,
0,
0,
0,
0,
0,
0,
0.08188,
0.23643,
0.35286,
0.17996,
0.5034,
0.51501,
0.5838,
0.55754,
0.40098,
0.19578,
0.094,
0,
0,
0,
0,
0,
0,
0,
0,
0,
0,
0,
0,
0,
0.08772,
0.2279,
0.47282,
0.54493,
0.57801,
0.65994,
0.60327,
0.50838,
0.4996,
0.30414,
0.10784,
0,
0,
0,
0,
0,
0,
0,
0,
0,
0,
0,
0,
0,
0.0812,
0.19733,
0.38391,
0.50737,
0.50038,
0.56924,
0.55996,
0.51765,
0.49484,
0.32861,
0.11462,
0,
0,
0,
0,
0,
0,
0,
0,
0,
0,
0,
0,
0,
0.07473,
0.25668,
0.25437,
0.57607,
0.76233,
0.77461,
0.5323,
0.54804,
0.3148,
0.20281,
0.06936,
0,
0,
0,
0,
0,
0,
0,
0,
0,
0,
0,
0,
0,
0.08848,
0.20057,
0.43093,
0.3592,
0.42781,
0.58476,
0.6684,
0.44877,
0.4417,
0.28971,
0.11205,
0,
0,
0,
0,
0,
0,
0,
0,
0,
0,
0,
0,
0,
0.10299,
0.29592,
0.49281,
0.62418,
0.74354,
0.73866,
0.62889,
0.44927,
0.41557,
0.23763,
0.09604,
0,
0,
0,
0,
0,
0,
0,
0,
0,
0,
0,
0,
0,
0.09427,
0.28401,
0.46682,
0.52256,
0.2823,
0.32614,
0.2827,
0.26032,
0.33812,
0.26443,
0.09366,
0,
0,
0,
0,
0,
0,
0,
0,
0,
0,
0,
0,
0,
0.04913,
0.16793,
0.34579,
0.54059,
0.46531,
0.38517,
0.2989,
0.28811,
0.03351,
0.02129,
0.00639,
0,
0,
0,
0,
0,
0,
0,
0,
0,
0,
0,
0,
0,
0.05221,
0.12833,
0.2146,
0.28479,
0.50709,
0.48416,
0.48869,
0.36823,
0.35008,
0.23558,
0.06593,
0,
0,
0,
0,
0,
0,
0,
0,
0,
0,
0,
0,
0,
0.0128,
0.04708,
0.20958,
0.34502,
0.41728,
0.26686,
0.35149,
0.27062,
0.13343,
0.02701,
0.0127,
0,
0,
0,
0,
0,
0,
0,
0,
0,
0,
0,
0,
0,
0.06528,
0.15249,
0.35054,
0.37493,
0.63534,
0.68144,
0.62661,
0.51967,
0.4013,
0.2915,
0.10638,
0,
0,
0,
0,
0,
0,
0,
0,
0,
0,
0,
0,
0,
0.08708,
0.26489,
0.45597,
0.56668,
0.64765,
0.57504,
0.35339,
0.21214,
0.28054,
0.2022,
0.06796,
0,
0,
0,
0,
0,
0,
0,
0,
0,
0,
0,
0,
0,
0.02165,
0.05857,
0.18885,
0.28136,
0.42993,
0.28101,
0.28545,
0.28022,
0.25753,
0.1556,
0.03844,
0,
0,
0,
0,
0,
0,
0,
0,
0,
0,
0,
0,
0,
0.00395,
0.01478,
0.02893,
0.2356,
0.05185,
0.00267,
0.03495,
0.04874,
0.02378,
0.02407,
0.0158,
0,
0,
0,
0,
0,
0,
0,
0,
0,
0,
0,
0,
0,
0,
0,
0,
0.00292,
0.03085,
0.24916,
0.1553,
0.16555,
0.08638,
0.04441,
0.00163,
0,
0,
0,
0,
0,
0,
0,
0,
0,
0,
0,
0,
0,
0.0129,
0.05715,
0.08916,
0.20684,
0.26567,
0.14921,
0.25519,
0.18724,
0.16642,
0.09031,
0.01557,
0,
0,
0,
0,
0,
0,
0,
0,
0,
0,
0,
0,
0,
0.03471,
0.17908,
0.34954,
0.43979,
0.63701,
0.6931,
0.61973,
0.51555,
0.42256,
0.18935,
0.05641,
0,
0,
0,
0,
0,
0,
0,
0,
0,
0,
0,
0,
0,
0,
0.01215,
0.01926,
0.11055,
0.17775,
0.21681,
0.11262,
0.06443,
0.10319,
0.0246,
0.00584,
0,
0,
0,
0,
0,
0,
0,
0,
0,
0,
0,
0,
0,
0,
0,
0.0668,
0.13408,
0.10268,
0.15531,
0.09862,
0.07332,
0.14577,
0.06835,
0.06472,
0,
0,
0,
0,
0,
0,
0,
0,
0,
0,
0,
0,
0,
0.05274,
0.19829,
0.40913,
0.37979,
0.34735,
0.50036,
0.60766,
0.53499,
0.30247,
0.26494,
0.06688,
0,
0,
0,
0,
0,
0,
0,
0,
0,
0,
0,
0,
0,
0,
0.00137,
0.01205,
0.03999,
0.02581,
0.05086,
0.05259,
0.08846,
0.05053,
0.0268,
0.022,
0,
0,
0,
0,
0,
0,
0,
0,
0,
0,
0,
0,
0,
0.06568,
0.19315,
0.23703,
0.35132,
0.27664,
0.61706,
0.63103,
0.44577,
0.38763,
0.25074,
0.09199,
0,
0,
0,
0,
0,
0,
0,
0,
0,
0,
0,
0,
0,
0.06458,
0.17613,
0.31085,
0.50614,
0.59249,
0.57034,
0.68986,
0.53387,
0.48835,
0.2421,
0.07976,
0,
0,
0,
0,
0,
0,
0,
0,
0,
0,
0,
0,
0,
0.06037,
0.19113,
0.36175,
0.50859,
0.5116,
0.52634,
0.40367,
0.30002,
0.0762,
0.03535,
0.01501,
0,
0,
0,
0,
0,
0,
0,
0,
0,
0,
0,
0,
0,
0.06157,
0.21055,
0.36025,
0.4156,
0.62012,
0.69475,
0.65249,
0.53727,
0.47561,
0.25594,
0.106,
0,
0,
0,
0,
0,
0,
0,
0,
0,
0,
0,
0,
0,
0.0414,
0.14232,
0.27595,
0.36016,
0.43048,
0.52451,
0.51028,
0.30827,
0.27049,
0.197,
0.07532,
0,
0,
0,
0,
0,
0,
0,
0,
0,
0,
0,
0,
0,
0.0575,
0.16577,
0.34574,
0.32711,
0.61654,
0.58775,
0.44128,
0.60784,
0.45955,
0.31634,
0.11118,
0,
0,
0,
0,
0,
0,
0,
0,
0,
0,
0,
0,
0,
0.04208,
0.157,
0.30241,
0.34654,
0.51659,
0.57001,
0.42752,
0.59957,
0.36695,
0.09572,
0.05375,
0,
0,
0,
0,
0,
0,
0,
0,
0,
0,
0,
0,
0,
0.00742,
0.02891,
0.11323,
0.37021,
0.4091,
0.51053,
0.5067,
0.3329,
0.15026,
0.07038,
0.02169,
0,
0,
0,
0,
0,
0,
0,
0,
0,
0,
0,
0,
0,
0,
0,
0,
0,
0.02233,
0.00416,
0.00184,
0.0008,
0,
0,
0,
0,
0,
0,
0,
0,
0,
0,
0,
0,
0,
0,
0,
0,
0.00231,
0.00922,
0.03529,
0.06043,
0.21206,
0.29884,
0.23052,
0.24381,
0.37739,
0.15274,
0.05477,
0,
0,
0,
0,
0,
0,
0,
0,
0,
0,
0,
0,
0,
0,
0.15098,
0.31002,
0.3648,
0.49469,
0.42739,
0.53418,
0.44682,
0.39213,
0.18545,
0.059,
0,
0,
0,
0,
0,
0,
0,
0,
0,
0,
0,
0,
0,
0,
0.20086,
0.37862,
0.37441,
0.14718,
0.20329,
0.56323,
0.37961,
0.36235,
0.16179,
0.07941,
0,
0,
0,
0,
0,
0,
0,
0,
0,
0,
0,
0,
0,
0,
0.19184,
0.31836,
0.50104,
0.52269,
0.71675,
0.54869,
0.63453,
0.47893,
0.24888,
0.10519,
0,
0,
0,
0,
0,
0,
0,
0,
0,
0,
0,
0,
0,
0,
0.20853,
0.32632,
0.52199,
0.59798,
0.71893,
0.64022,
0.54766,
0.50222,
0.28367,
0.13266,
0,
0,
0,
0,
0,
0,
0,
0,
0,
0,
0,
0,
0,
0,
0.21517,
0.42522,
0.41649,
0.53253,
0.52619,
0.47044,
0.51849,
0.4385,
0.22083,
0.10594,
0,
0,
0,
0,
0,
0,
0,
0,
0,
0,
0,
0,
0,
0,
0.15668,
0.2688,
0.26598,
0.40423,
0.39577,
0.42328,
0.37866,
0.16044,
0.13656,
0.03074,
0,
0,
0,
0,
0,
0,
0,
0,
0,
0,
0,
0,
0,
0,
0,
0,
0,
0.0003,
0.00047,
0.00265,
0.0008,
0.00125,
0.00017,
0.00158,
0,
0,
0,
0,
0,
0,
0,
0,
0,
0,
0,
0,
0,
0,
0.13971,
0.30221,
0.43851,
0.55508,
0.32244,
0.29885,
0.19876,
0.1832,
0.10962,
0.02185,
0,
0,
0,
0,
0,
0,
0,
0,
0,
0,
0,
0,
0,
0,
0.18928,
0.28166,
0.26785,
0.51012,
0.45318,
0.49143,
0.41703,
0.36715,
0.2779,
0.09376,
0,
0,
0,
0,
0,
0,
0,
0,
0,
0,
0,
0,
0,
0,
0.12532,
0.35907,
0.39917,
0.46145,
0.60123,
0.51324,
0.41911,
0.37643,
0.16731,
0.07464,
0,
0,
0,
0,
0,
0,
0,
0,
0,
0,
0,
0,
0,
0,
0.02699,
0.15842,
0.15248,
0.20053,
0.33944,
0.273,
0.19895,
0.28782,
0.08967,
0.05697,
0,
0,
0,
0,
0,
0,
0,
0,
0,
0,
0,
0,
0,
0,
0,
